terrai_nome;etnia_nome;municipio_nome;uf_sigla;superficie_perimetro_ha;fase_ti;modalidade_ti;reestudo_ti;faixa_fronteira
Acapuri de Cima;Kokama;Fonte Boa;AM;18393,9411;Regularizada;Tradicionalmente ocupada;;Não
Acimã;Apurinã;Lábrea;AM;40686,034;Regularizada;Tradicionalmente ocupada;;Não
Aconã;Tingui-Botó;Traipu;AL;267,7862;Regularizada;Reserva Indígena;;Não
Aldeia Katurama;Pataxó, Pataxo Há-Há-Há;São Joaquim de Bicas;MG;346,124;Regularizada;Dominial Indígena;;Não
Aldeia Kondá;Kaingang;Chapecó;SC;2300;Encaminhada RI;Reserva Indígena;;Sim
Aldeia Limão Verde;Guarani Kaiowá;Amambai;MS;668,0796;Regularizada;Tradicionalmente ocupada;;Sim
Aldeia Velha;Pataxó;Porto Seguro;BA;1997,5526;Homologada;Tradicionalmente ocupada;;Não
Alto Rio Guamá;Timbira,Tembé;Santa Luzia do Pará,Paragominas,Nova Esperança do Piriá,Garrafão do Norte;PA;279897,7;Regularizada;Tradicionalmente ocupada;;Não
Alto Rio Negro;Arapáso,Karapanã,Barasána,Baré,Wanana;Japurá,São Gabriel da Cachoeira;AM;7999381,168;Regularizada;Tradicionalmente ocupada;;Sim
Alto Rio Purus;Kaxinawá,Kulina Páno;Santa Rosa do Purus,Manoel Urbano;AC;263129,8062;Regularizada;Tradicionalmente ocupada;;Sim
Alto Sepatini;Apurinã;Lábrea;AM;26095,6979;Regularizada;Tradicionalmente ocupada;;Não
Alto Tarauacá;Isolados;Jordão,Feijó;AC;142619,1069;Regularizada;Tradicionalmente ocupada;;Sim
Alto Turiaçu;Ka´apor;Centro Novo do Maranhão,Maranhãozinho,Centro do Guilherme,Zé Doca,Santa Luzia do Paruá,Araguanã;MA;530524,7417;Regularizada;Tradicionalmente ocupada;;Não
Amambai;Guarani Kaiowá;Amambai;MS;2429,5454;Regularizada;Tradicionalmente ocupada;;Sim
Amanayé;Amanayé;Goianésia do Pará;PA;162856,81;Encaminhada RI;Reserva Indígena;;Não
Amaral/Tekoá Kuriy;Guarani Mbya;Biguaçu;SC;501,36;Encaminhada RI;Reserva Indígena;;Não
Amba Porã;Guarani Mbya;Miracatu;SP;7204;Delimitada;Tradicionalmente ocupada;;Não
Anambé;Anambé;Moju;PA;7882,8329;Regularizada;Tradicionalmente ocupada;;Não
Ananás;Makuxí;Amajari;RR;1769,422;Regularizada;Tradicionalmente ocupada;;Sim
Anaro;Wapixana;Amajari;RR;30473,9506;Regularizada;Tradicionalmente ocupada;;Sim
Andirá-Marau;Sateré-Mawé;Parintins,Maués,Barreirinha,Aveiro,Itaituba;AM,PA;788528,383;Regularizada;Tradicionalmente ocupada;;Não
Aningal;Makuxí;Amajari;RR;7627,0391;Regularizada;Tradicionalmente ocupada;;Sim
Anta;Wapixana;Alto Alegre;RR;3173,8226;Regularizada;Tradicionalmente ocupada;;Sim
Apiaka/Kayabi;Apiaká,Kaiabi;Juara;MT;109245,3822;Regularizada;Tradicionalmente ocupada;;Não
Apiaká do Pontal e Isolados;Isolados,Apiaká;Apiacás;MT;982324;Delimitada;Tradicionalmente ocupada;;Não
Apinayé;Apinayé;Maurilândia do Tocantins,Itaguatins,Cachoeirinha,São Bento do Tocantins,Tocantinópolis;TO;141904,2092;Regularizada;Tradicionalmente ocupada;;Não
Apipica;Múra;Careiro da Várzea;AM;652,7562;Regularizada;Tradicionalmente ocupada;;Não
Apucarana;Kaingang;Londrina;PR;5574,945;Regularizada;Tradicionalmente ocupada;;Não
Apurinã Igarapé Tauamirim;Apurinã;Tapauá;AM;96456,5072;Regularizada;Tradicionalmente ocupada;;Não
Apurinã Km 124 BR-317;Apurinã;Boca do Acre,Lábrea;AM;42197,6055;Regularizada;Tradicionalmente ocupada;;Sim
Apurinã do Igarapé Mucuim;Apurinã;Lábrea;AM;73350,6121;Regularizada;Tradicionalmente ocupada;;Não
Apurinã do Igarapé São João;Apurinã;Tapauá;AM;18232,4221;Regularizada;Tradicionalmente ocupada;;Não
Apyterewa;Parakanã;São Félix do Xingu;PA;773470,0313;Regularizada;Tradicionalmente ocupada;;Não
Arara;Arara do Pará;Medicilândia,Brasil Novo,Altamira,Uruará;PA;274010,024;Regularizada;Tradicionalmente ocupada;;Não
Arara da Volta Grande do Xingu;Arara do Pará;Senador José Porfírio;PA;25524,5931;Regularizada;Tradicionalmente ocupada;;Não
Arara do Igarapé Humaitá;Arara do Acre;Tarauacá,Porto Walter;AC;87571,6965;Regularizada;Tradicionalmente ocupada;;Sim
Arara do Rio Amônia;Arara do Acre;Marechal Thaumaturgo;AC;20534,2205;Regularizada;Tradicionalmente ocupada;;Sim
Arara do Rio Branco;Arara do Acre;Aripuanã,Colniza;MT;114842,4748;Regularizada;Tradicionalmente ocupada;;Não
Arariboia;Guajá ;Arame,Buriticupu,Amarante do Maranhão,Bom Jesus das Selvas,Santa Luzia,Grajaú;MA;413288,0472;Regularizada;Tradicionalmente ocupada;;Não
Araribá;Terena,Guarani Kaiowá;Avaí;SP;1930,3369;Regularizada;Tradicionalmente ocupada;;Não
Arary;Múra;Novo Aripuanã,Borba;AM;40548,572;Regularizada;Tradicionalmente ocupada;;Não
Araweté Igarapé Ipixuna;Araweté;Altamira,São Félix do Xingu,Senador José Porfírio;PA;940900,8;Regularizada;Tradicionalmente ocupada;;Não
Araçá;Wapixana;Amajari;RR;50018,3;Regularizada;Tradicionalmente ocupada;;Sim
Areões;Xavante;Água Boa;MT;218515;Regularizada;Tradicionalmente ocupada;;Não
Aripuanã;Cinta Larga;Aripuanã,Juína;MT;750649,265;Regularizada;Tradicionalmente ocupada;;Não
Ariramba;Múra;Manicoré;AM;10357,5323;Regularizada;Tradicionalmente ocupada;;Não
Arroio-Korá;Guarani Kaiowá;Paranhos;MS;7175,7747;Homologada;Tradicionalmente ocupada;;Sim
Atikum;Atikum;Salgueiro,Mirandiba,Carnaubeira da Penha,Belém do São Francisco;PE;16290,1893;Regularizada;Tradicionalmente ocupada;;Não
Avá-Canoeiro;Ava-Canoeiro;Minaçu,Colinas do Sul;GO;31427,2928;Regularizada;Tradicionalmente ocupada;;Não
Avá-Guarani do Ocoí;Guarani Kaiowá;São Miguel do Iguaçu;PR;231,887;Regularizada;Reserva Indígena;;Sim
Awa;Guajá ;Governador Newton Bello,Centro Novo do Maranhão,Zé Doca,São João do Carú;MA;116582,9182;Regularizada;Tradicionalmente ocupada;;Não
Bacurizinho;Guajá ;Grajaú;MA;134040;Declarada;Tradicionalmente ocupada;Reestudo;Não
Bacurizinho;Guajá ;Grajaú;MA;82432,4931;Regularizada;Tradicionalmente ocupada;;Não
Badjonkore;Kayapó;Cumaru do Norte,São Félix do Xingu;PA;221981,6373;Regularizada;Tradicionalmente ocupada;;Não
Bakairi;Bakairí;Planalto da Serra,Paranatinga;MT;61405,4605;Regularizada;Tradicionalmente ocupada;;Não
Balaio;Tukano,Tariana,Desána;São Gabriel da Cachoeira;AM;257281,4601;Regularizada;Tradicionalmente ocupada;;Sim
Banawá;Banawa;Tapauá,Canutama,Lábrea;AM;192659,6666;Regularizada;Tradicionalmente ocupada;;Não
Barata Livramento;Makuxí,Wapixana;Alto Alegre;RR;12883,2701;Regularizada;Tradicionalmente ocupada;;Sim
Barra;Kiriri,Atikum;Muquém de São Francisco;BA;62,2955;Regularizada;Reserva Indígena;;Não
Barra Velha;Pataxó;Porto Seguro;BA;8627,459;Regularizada;Tradicionalmente ocupada;;Não
Barra Velha do Monte Pascoal;Pataxó;Porto Seguro;BA;52748;Delimitada;Tradicionalmente ocupada;Reestudo;Não
Barragem Norte;Xokléng;José Boiteux;SC;860,7268;Regularizada;Reserva Indígena;Principal;Não
Barreira da Missão;Kambéba,Kokama;Tefé;AM;1772,4237;Regularizada;Dominial Indígena;;Não
Barreirinha;Amanayé;Paragominas;PA;2373,8;Regularizada;Tradicionalmente ocupada;;Não
Barro Alto;Kokama;Tonantins;AM;1937,1679;Regularizada;Tradicionalmente ocupada;;Não
Barão de Antonina;Kaingang;São Jerônimo da Serra;PR;3750,722;Regularizada;Tradicionalmente ocupada;;Não
Batelão;Kaiabi;Nova Canaã do Norte,Juara,Tabaporã;MT;117050;Declarada;Tradicionalmente ocupada;;Não
Batovi;Wauja;Gaúcha do Norte;MT;5158,9817;Regularizada;Tradicionalmente ocupada;;Não
Baía dos Guató;Guató ;Barão de Melgaço,Poconé;MT;19216,9606;Homologada;Tradicionalmente ocupada;;Sim
Baú;Kayapó;Altamira;PA;1540930,156;Regularizada;Tradicionalmente ocupada;;Não
Betania;Tikúna;Tonantins,Santo Antônio do Içá,Amaturá;AM;122769,0265;Regularizada;Tradicionalmente ocupada;;Não
Boa Vista - AM;Múra;Careiro da Várzea;AM;337,3562;Regularizada;Tradicionalmente ocupada;;Não
Boa Vista - PR;Kaingang;Laranjeiras do Sul;PR;7336,3308;Declarada;Tradicionalmente ocupada;;Não
Boa Vista Sertão do Promirim;Guaraní;Ubatuba;SP;906,3886;Regularizada;Tradicionalmente ocupada;;Não
Boa Vista Sertão do Promirim;Guaraní;Ubatuba;SP;5420;Delimitada;Tradicionalmente ocupada;Reestudo;Não
Boca do Acre;Apurinã;Boca do Acre,Lábrea;AM;26240,4231;Regularizada;Tradicionalmente ocupada;;Sim
Bom Intento;Tikúna;Benjamin Constant;AM;1613,043;Regularizada;Tradicionalmente ocupada;;Sim
Bom Jesus;Makuxí;Bonfim;RR;859,1271;Regularizada;Tradicionalmente ocupada;;Sim
Boqueirão;Makuxí,Wapixana;Alto Alegre;RR;16354,0776;Regularizada;Tradicionalmente ocupada;;Sim
Bragança-Marituba;Mundurukú;Belterra;PA;13515;Declarada;Tradicionalmente ocupada;;Não
Brejo do Burgo;Pankararé;Glória,Paulo Afonso,Rodelas;BA;17924,8496;Regularizada;Tradicionalmente ocupada;;Não
Buriti;Terena;Sidrolândia,Dois Irmãos do Buriti;MS;2090,1691;Regularizada;Tradicionalmente ocupada;;Não
Buriti;Terena;Sidrolândia,Dois Irmãos do Buriti;MS;17200;Declarada;Tradicionalmente ocupada;Reestudo;Não
Buritizinho;Guarani Kaiowá;Sidrolândia;MS;9,7428;Regularizada;Tradicionalmente ocupada;;Não
Caarapó;Guarani Kaiowá;Caarapó;MS;3594,4154;Regularizada;Tradicionalmente ocupada;;Sim
Cabeceira do Rio Acre;Yaminawa;Sena Madureira,Assis Brasil;AC;78512,5834;Regularizada;Tradicionalmente ocupada;;Sim
Cacau do Tarauaca;Kulina Páno;Envira;AM;28367,2948;Regularizada;Tradicionalmente ocupada;;Não
Cachoeira Seca;Arara do Pará;Altamira,Uruará,Placas;PA;733688,2507;Regularizada;Tradicionalmente ocupada;;Não
Cachoeira dos Inácios;Guarani Mbya;Imaruí;SC;80;Regularizada;Reserva Indígena;;Não
Cachoeirinha;Terena;Miranda;MS;2658,1634;Regularizada;Tradicionalmente ocupada;;Não
Cachoeirinha;Terena;Miranda;MS;36288;Declarada;Tradicionalmente ocupada;Reestudo;Não
Cacique Doble;Guaraní,Kaingang;Cacique Doble,São José do Ouro;RS;4426,2833;Regularizada;Tradicionalmente ocupada;;Não
Cacique Fontoura;Karajá;Luciara,São Félix do Araguaia;MT;32304,7226;Homologada;Tradicionalmente ocupada;;Não
Caieiras Velha II;Guarani Mbya,Tupiniquim;Aracruz;ES;57,3935;Regularizada;Tradicionalmente ocupada;;Não
Caititu;Apurinã;Lábrea;AM;308062,6156;Regularizada;Tradicionalmente ocupada;;Não
Caiçara/Ilha de São Pedro;Xocó;Porto da Folha;SE;4316,7768;Regularizada;Tradicionalmente ocupada;;Não
Cajueiro;Makuxí;Amajari;RR;4303,8482;Regularizada;Tradicionalmente ocupada;;Sim
Cajuhiri Atravessado;Kambéba,Miránha,Tikúna;Coari;AM;12455,7188;Regularizada;Tradicionalmente ocupada;;Não
Camadeni;Jamamadí;Pauini;AM;150930,5549;Regularizada;Tradicionalmente ocupada;;Não
Camicua;Apurinã;Boca do Acre;AM;58519,5999;Regularizada;Tradicionalmente ocupada;;Não
Campinas/Katukina;Katukina;Cruzeiro do Sul;AC;32623,6443;Regularizada;Tradicionalmente ocupada;;Sim
Campo Bonito;Guarani Mbya;Torres;RS;76,3869;Regularizada;Reserva Indígena;;Não
Cana Brava/Guajajara;Tenetehara;Jenipapo dos Vieiras,Barra do Corda,Barão de Grajaú;MA;137329,5429;Regularizada;Tradicionalmente ocupada;;Não
Canauanim;Makuxí,Wapixana;Cantá;RR;11182,4372;Regularizada;Tradicionalmente ocupada;;Sim
Canelinha;Guarani Mbya;Canelinha;SC;207,7552;Regularizada;Reserva Indígena;;Não
Cantagalo;Guarani Mbya;Porto Alegre,Viamão;RS;283,6761;Regularizada;Tradicionalmente ocupada;;Não
Capivari;Guarani Mbya;Palmares do Sul;RS;43,3215;Regularizada;Tradicionalmente ocupada;;Não
Capoto/Jarina;Kayapó;São José do Xingu,Santa Cruz do Xingu,Peixoto de Azevedo;MT;634915,2256;Regularizada;Tradicionalmente ocupada;;Não
Caramuru/Paraguassu;Pataxo Há-Há-Há;Pau Brasil,Itaju do Colônia,Camacan;BA;54105;Regularizada;Tradicionalmente ocupada;;Não
Carreteiro;Kaingang;Água Santa;RS;602,9751;Regularizada;Tradicionalmente ocupada;;Não
Carretão I;Tapuia;Rubiataba,Nova América;GO;1666,4512;Regularizada;Tradicionalmente ocupada;;Não
Carretão II;Tapuia;Nova América;GO;77,5043;Regularizada;Tradicionalmente ocupada;;Não
Caru;Tenetehara;Bom Jardim;MA;172667,3777;Regularizada;Tradicionalmente ocupada;;Não
Catipari/Mamoria;Apurinã;Pauini;AM;115044,3509;Regularizada;Tradicionalmente ocupada;;Não
Caxixó;Kaxixó;Pompéu,Martinho Campos;MG;5411;Delimitada;Tradicionalmente ocupada;;Não
Cerco Grande;Guaraní;Guaraqueçaba;PR;1390;Delimitada;Tradicionalmente ocupada;;Não
Cerrito;Guarani Nhandeva;Eldorado;MS;1950,9806;Regularizada;Tradicionalmente ocupada;;Sim
Chão Preto;Xavante;Campinápolis;MT;12741,8456;Regularizada;Tradicionalmente ocupada;;Não
Coata-Laranjal;Mundurukú;Borba;AM;1153210,112;Regularizada;Tradicionalmente ocupada;;Não
Cobra Grande;Arapiun;Santarém;PA;8906;Delimitada;Tradicionalmente ocupada;;Não
Comboios;Guaraní,Tupiniquim;Aracruz;ES;3872,1411;Regularizada;Tradicionalmente ocupada;Reestudo;Não
Comexatibá;Pataxó;Prado;BA;28077;Delimitada;Tradicionalmente ocupada;;Não
Coroa Vermelha;Pataxó;Santa Cruz Cabrália,Porto Seguro;BA;1493,9941;Regularizada;Tradicionalmente ocupada;;Não
Cuia;Múra;Autazes;AM;1322,3875;Regularizada;Tradicionalmente ocupada;;Não
Cuiu-Cuiu;Miránha;Maraã;AM;36450,9765;Regularizada;Tradicionalmente ocupada;;Não
Cunhã-Sapucaia;Múra;Borba,Autazes;AM;471450,5393;Regularizada;Tradicionalmente ocupada;;Não
Cué Cué/ Marabitanas;Baré;São Gabriel da Cachoeira;AM;808645;Declarada;Tradicionalmente ocupada;;Sim
Córrego João Pereira;Tremembé;Itarema,Acaraú;CE;3162,3901;Regularizada;Tradicionalmente ocupada;;Não
Deni;Dení;Tapauá,Lábrea,Itamarati,Pauini;AM;1531303,499;Regularizada;Tradicionalmente ocupada;;Não
Diahui;Diahói;Humaitá;AM;47354,603;Regularizada;Tradicionalmente ocupada;;Não
Djaiko-Aty;Guarani Nhandeva;Miracatu;SP;1216;Delimitada;Tradicionalmente ocupada;;Não
Dourados;Guarani Nhandeva,Terena;Dourados;MS;3474,5957;Regularizada;Tradicionalmente ocupada;;Sim
Dourados-Amambaipeguá I;Guaraní;Naviraí,Amambai,Dourados;MS;55600;Delimitada;Tradicionalmente ocupada;;Sim
Enawenê-Nawê;Enawenê-Nawê;Comodoro,Sapezal,Juína;MT;742088,6783;Regularizada;Tradicionalmente ocupada;;Sim
Entre Serras;Pankararú;Petrolândia,Tacaratu,Jatobá;PE;7550,0875;Regularizada;Tradicionalmente ocupada;;Não
Erikpatsá;Rikbaktsa;Brasnorte;MT;79934,801;Regularizada;Tradicionalmente ocupada;;Não
Escondido;Rikbaktsa;Cotriguaçu;MT;168938,468;Regularizada;Tradicionalmente ocupada;;Não
Espírito Santo;Kokama;Jutaí;AM;33849,0871;Regularizada;Tradicionalmente ocupada;;Não
Estação Parecis;Paresí;Diamantino;MT;2170;Declarada;Tradicionalmente ocupada;;Não
Estivadinho;Paresí;Tangará da Serra;MT;2031,9414;Regularizada;Tradicionalmente ocupada;;Não
Estrada do Mar;Guarani Mbya;Osório;RS;45;Regularizada;Reserva Indígena;;Não
Estrela da Paz;Tikúna;Jutaí;AM;12876,4893;Regularizada;Tradicionalmente ocupada;;Não
Faxinal;Kaingang;Cândido de Abreu;PR;2043,8948;Regularizada;Dominial Indígena;;Não
Fazenda Bahiana;Pataxó;Camamu;BA;304,56;Regularizada;Reserva Indígena;;Não
Fazenda Boa Vista - MG;Xucuru - Kariri;Caldas;MG;101;Regularizada;Reserva Indígena;;Não
Fazenda Canto;Xucuru - Kariri;Palmeira dos Índios;AL;276,5494;Regularizada;Reserva Indígena;;Não
Fazenda Cristo Rei;Pankararú;Jatobá;PE;0;Encaminhada RI;Reserva Indígena;;Não
Fazenda Guarani;Pataxó,Krenák;Senhora do Porto,Carmésia;MG;3269,7126;Regularizada;Tradicionalmente ocupada;;Não
Fazenda Jenipapeiro;Atikum;Santa Rita de Cássia;BA;1505,1308;Encaminhada RI;Reserva Indígena;;Não
Fazenda Mabel (Gavião/Akrãtikatêjê);Gavião Krikatejê;Bom Jesus do Tocantins, Marabá;PA;3600,0347;Encaminhada RI;Reserva Indígena;Principal;Não
Fazenda Remanso;Tuxá;Muquém de São Francisco;BA;336,9518;Regularizada;Reserva Indígena;;Não
Fazenda Sempre Verde;Pankararú;Muquém de São Francisco;BA;1000;Regularizada;Reserva Indígena;;Não
Fazenda Sítio;Tuxá;Quijingue;BA;409,8834;Regularizada;Reserva Indígena;;Não
Figueiras;Paresí;Barra do Bugres,Tangará da Serra;MT;9858,9291;Regularizada;Tradicionalmente ocupada;;Não
Fortaleza do Castanho;Múra;Manaquiri;AM;2756,1622;Regularizada;Tradicionalmente ocupada;;Não
Fortaleza do Patauá;Apurinã;Manacapuru;AM;743,5829;Regularizada;Tradicionalmente ocupada;;Não
Fulni-ô;Fulni-ô;Itaíba,Águas Belas;PE;11505,71;Regularizada;Reserva Indígena;;Não
Funil;Xerente ;Tocantínia;TO;15703,7974;Regularizada;Tradicionalmente ocupada;;Não
Galibi;Galibi do Oiapoque;Oiapoque;AP;6689,1928;Regularizada;Tradicionalmente ocupada;;Sim
Gavião;Múra;Careiro da Várzea;AM;8611,8548;Regularizada;Tradicionalmente ocupada;;Não
Geralda Toco Preto;Timbira;Arame,Itaipava do Grajaú;MA;18506,2081;Regularizada;Tradicionalmente ocupada;;Não
Geripancó;Jeripancó;Pariconha;AL;200;Regularizada;Tradicionalmente ocupada;;Não
Governador;Tenetehara,Gavião Pukobiê;Amarante do Maranhão;MA;41643,7567;Regularizada;Tradicionalmente ocupada;;Não
Guaimbé;Guarani Kaiowá;Laguna Carapã;MS;716,9316;Regularizada;Tradicionalmente ocupada;;Sim
Guajahã;Apurinã;Pauini;AM;5036,8446;Regularizada;Tradicionalmente ocupada;;Não
Guajanaíra;Guajajara;Itupiranga;PA;1368,0837;Encaminhada RI;Reserva Indígena;Principal;Não
Guanabara;Kokama;Benjamin Constant;AM;15600;Declarada;Tradicionalmente ocupada;;Sim
Guarani Araponga;Guaraní;Paraty;RJ;213,2033;Regularizada;Tradicionalmente ocupada;;Não
Guarani Barra do Ouro;Guaraní;Caraá,Riozinho,Maquiné;RS;2268,6045;Regularizada;Tradicionalmente ocupada;;Não
Guarani Votouro;Guaraní;Benjamin Constant do Sul;RS;717,377;Regularizada;Tradicionalmente ocupada;;Sim
Guarani da Barragem;Guarani Kaiowá;São Paulo;SP;26,3;Regularizada;Tradicionalmente ocupada;;Não
Guarani de Araçai;Guaraní;Cunha Porã,Saudades;SC;2721;Declarada;Tradicionalmente ocupada;;Sim
Guarani de Bracui;Guaraní;Angra dos Reis;RJ;2127,8664;Regularizada;Tradicionalmente ocupada;;Não
Guarani de Águas Brancas;Guaraní;Arambaré;RS;230;Declarada;Tradicionalmente ocupada;;Não
Guarani do Aguapeu;Guaraní;Mongaguá;SP;4372,2599;Regularizada;Tradicionalmente ocupada;;Não
Guarani do Ribeirão Silveira;Guaraní;São Sebastião,Santos;SP;948,4;Regularizada;Tradicionalmente ocupada;;Não
Guarita;Guaraní,Kaingang;Tenente Portela,Redentora,Erval Seco;RS;23406,8684;Regularizada;Tradicionalmente ocupada;;Sim
Guasuti;Guarani Kaiowá;Aral Moreira;MS;958,7993;Regularizada;Tradicionalmente ocupada;;Sim
Guató;Guató ;Corumbá;MS;10984,7941;Regularizada;Tradicionalmente ocupada;;Sim
Guaviraty;Guarani Mbya;Iguape;SP;1248;Delimitada;Tradicionalmente ocupada;;Não
Guyraroká;Guarani Kaiowá;Caarapó;MS;11440;Declarada;Tradicionalmente ocupada;;Sim
Herarekã Xetá;Xetá;Ivaté;PR;2686;Delimitada;Tradicionalmente ocupada;;Sim
Hi Merimã;Himarimã;Tapauá,Lábrea;AM;677840,3204;Regularizada;Tradicionalmente ocupada;;Não
Hãm Yîxux;Maxakali;Ladainha;MG;522,72;Regularizada;Reserva Indígena;;Não
Ibirama;Xokléng,Guaraní,Kaingang;Doutor Pedrinho,Vitor Meireles,José Boiteux,Itaiópolis;SC;14084,886;Regularizada;Tradicionalmente ocupada;;Não
Ibirama-La Klãnô;Xokléng,Guaraní,Kaingang;Rio Negrinho,Doutor Pedrinho,Vitor Meireles,José Boiteux,Itaiópolis;SC;37108;Declarada;Tradicionalmente ocupada;Reestudo;Não
Icatu;Terena,Kaingang;Braúna;SP;300,9625;Regularizada;Tradicionalmente ocupada;;Não
Igarapé Capana;Jamamadí;Boca do Acre;AM;122555,6647;Regularizada;Tradicionalmente ocupada;;Não
Igarapé Grande;Kambéba;Alvarães;AM;1539,6777;Regularizada;Tradicionalmente ocupada;;Não
Igarapé Lage;Pakaa Nova ;Guajará-Mirim,Nova Mamoré;RO;107321,1789;Regularizada;Tradicionalmente ocupada;;Sim
Igarapé Lourdes;Gavião de Rondônia;Ji-Paraná;RO;185533,5768;Regularizada;Tradicionalmente ocupada;;Não
Igarapé Ribeirão;Pakaa Nova ;Nova Mamoré;RO;47863,3178;Regularizada;Tradicionalmente ocupada;;Sim
Igarapé Taboca do Alto Tarauacá;Isolados;Jordão;AC;287;Em Estudo;Interditada;;Sim
Igarapé do Caucho;Kaxinawá;Tarauacá,Feijó;AC;12317,8938;Regularizada;Tradicionalmente ocupada;;Sim
Iguatemipegua I;Guarani Kaiowá;Iguatemi;MS;41571;Delimitada;Tradicionalmente ocupada;;Sim
Ilha da Cotinga;Guaraní;Paranaguá;PR;1701,202;Regularizada;Tradicionalmente ocupada;;Não
Ilha do Camaleão;Tikúna;Anamã;AM;236,78;Regularizada;Tradicionalmente ocupada;;Não
Ilhas da Tapera/São Félix/Porto;Truká;Orocó;PE;0;Encaminhada RI;Reserva Indígena;;Não
Imbiriba;Pataxó;Porto Seguro;BA;408,3384;Regularizada;Tradicionalmente ocupada;;Não
Inauini/Teuini;Jamamadí;Boca do Acre,Pauini;AM;468996,3;Regularizada;Tradicionalmente ocupada;;Não
Inawebohona;Javaé,Karajá;Lagoa da Confusão,Pium;TO;377113,5744;Regularizada;Tradicionalmente ocupada;;Não
Inhacorá;Kaingang;São Valério do Sul;RS;2843,3796;Regularizada;Tradicionalmente ocupada;;Sim
Ipixuna;Diahói;Humaitá;AM;215362,1079;Regularizada;Tradicionalmente ocupada;;Não
Irantxe;Irántxe;Brasnorte;MT;45555,95;Regularizada;Tradicionalmente ocupada;;Não
Irapuá;Guaraní;Caçapava do Sul;RS;222;Declarada;Tradicionalmente ocupada;;Não
Itaitinga;Múra;Autazes;AM;135,8842;Regularizada;Tradicionalmente ocupada;;Não
Itaóca;Guarani Mbya;Mongaguá;SP;533;Declarada;Tradicionalmente ocupada;;Não
Itixi Mitari;Apurinã;Tapauá,Anori,Beruri;AM;182134,7746;Regularizada;Tradicionalmente ocupada;;Não
Ituna/Itatá (restrição de uso);Isolados;Altamira,Anapu,Senador José Porfírio;PA;142402;Em Estudo;Interditada;;Não
Ivai;Kaingang;Pitanga,Manoel Ribas;PR;7306,3478;Regularizada;Tradicionalmente ocupada;;Não
Jabuti;Makuxí,Wapixana;Bonfim;RR;14210,6996;Regularizada;Tradicionalmente ocupada;;Sim
Jacamim;Jaricuna,Wapixana;Bonfim,Caracaraí;RR;193493,5694;Regularizada;Tradicionalmente ocupada;;Sim
Jacareúba/Katauixi (restrição uso);Isolados;Canutama,Lábrea;AM;647386;Em Estudo;Interditada;;Sim
Jacaré de São Domingos;Potiguara;Rio Tinto,Marcação;PB;5032,2431;Regularizada;Tradicionalmente ocupada;;Não
Jaguapiré;Guarani Kaiowá;Tacuru;MS;2342,0155;Regularizada;Tradicionalmente ocupada;;Sim
Jaguari;Guarani Kaiowá;Amambai;MS;404,7055;Regularizada;Tradicionalmente ocupada;;Sim
Jaminaua/Envira;Kulina Madijá;Feijó;AC;80618,1798;Regularizada;Tradicionalmente ocupada;;Sim
Jaminawa Arara do Rio Bagé;Yaminawa,Arara do Acre;Marechal Thaumaturgo,Jordão;AC;28926,1102;Regularizada;Tradicionalmente ocupada;;Sim
Jaminawa do Igarapé Preto;Yaminawa;Cruzeiro do Sul;AC;25651,6167;Regularizada;Tradicionalmente ocupada;;Sim
Japuira;Rikbaktsa;Juara;MT;152509,88;Regularizada;Tradicionalmente ocupada;;Não
Jaquiri;Kambéba;Uarini;AM;1819,9825;Regularizada;Tradicionalmente ocupada;;Não
Jaraguá;Guaraní;São Paulo,Osasco;SP;532;Declarada;Tradicionalmente ocupada;Reestudo;Não
Jaraguá;Guaraní;São Paulo,Osasco;SP;1,7566;Regularizada;Tradicionalmente ocupada;;Não
Jarara;Guarani Kaiowá;Juti;MS;479,0728;Homologada;Tradicionalmente ocupada;;Sim
Jarawara/Jamamadi/Kanamati;Yaminawa,Jamamadí,Kanamarí;Tapauá,Lábrea;AM;390233,0536;Regularizada;Tradicionalmente ocupada;;Não
Jarudore;Boróro ;Poxoréo;MT;4706;Regularizada;Tradicionalmente ocupada;;Não
Jatayvari;Guarani Kaiowá;Ponta Porã;MS;8800;Declarada;Tradicionalmente ocupada;;Sim
Jatuarana;Apurinã;Manacapuru;AM;5251,7956;Regularizada;Tradicionalmente ocupada;;Não
Jauary;Múra;Autazes;AM;24831;Delimitada;Tradicionalmente ocupada;;Não
Juininha;Paresí;Conquista D´Oeste;MT;70537,5203;Regularizada;Tradicionalmente ocupada;;Sim
Juma;Juma;Canutama;AM;38351,1496;Regularizada;Tradicionalmente ocupada;;Não
Jumina;Karipuna,Galibi do Oiapoque;Oiapoque;AP;41601,2713;Regularizada;Tradicionalmente ocupada;;Sim
Jurubaxi-téa;Desána,Kuripako,Tikúna,Tariana,Arapáso,Piratapuya,Nadëb,Baniwa,Baré,Tukano;Barcelos,Santa Isabel do Rio Negro;AM;1208155;Declarada;Tradicionalmente ocupada;;Sim
Juruna do Km 17;Yudjá;Vitória do Xingu;PA;2292;Encaminhada RI;Reserva Indígena;;Não
Kadiwéu;Terena,Kadiwéu;Porto Murtinho,Corumbá;MS;538535,7804;Regularizada;Tradicionalmente ocupada;;Sim
Kaingang de Iraí;Kaingang;Iraí;RS;279,7956;Regularizada;Tradicionalmente ocupada;;Sim
Kambiwá;Kambiwá;Inajá,Ibimirim,Floresta;PE;31495,3123;Regularizada;Tradicionalmente ocupada;;Não
Kampa do Igarapé Primavera;Ashaninka;Tarauacá;AC;21987,2303;Regularizada;Tradicionalmente ocupada;;Sim
Kampa do Rio Amônia;Ashaninka;Marechal Thaumaturgo;AC;87205,4;Regularizada;Tradicionalmente ocupada;;Sim
Kampa e Isolados do Rio Envira;Ashaninka;Jordão,Feijó;AC;232795,0378;Regularizada;Tradicionalmente ocupada;;Sim
Kanamari do Rio Juruá;Kanamarí;Itamarati,Pauini,Eirunepé;AM;596433,64;Regularizada;Tradicionalmente ocupada;;Não
Kanela;Kanela;Fernando Falcão,Barra do Corda;MA;125212,1625;Regularizada;Tradicionalmente ocupada;;Não
Kanela Memortumré;Kanela;Fernando Falcão,Barra do Corda;MA;100221;Delimitada;Tradicionalmente ocupada;Reestudo;Não
Kantaruré;Kantaruré;Glória;BA;1811,867;Regularizada;Tradicionalmente ocupada;;Não
Kapinawá;Kapinawá;Buíque;PE;12403,0917;Regularizada;Tradicionalmente ocupada;;Não
Kapôt Nhinore;Kayapó;Santa Cruz do Xingu,Vila Rica,São Félix do Xingu;PA,MT;362243;Delimitada;Tradicionalmente ocupada;;Não
Karajá Santana do Araguaia;Karajá;Santa Maria das Barreiras;PA;1485,6063;Regularizada;Tradicionalmente ocupada;;Não
Karajá de Aruanã I;Karajá;Aruanã;GO;14,2569;Regularizada;Tradicionalmente ocupada;;Não
Karajá de Aruanã II;Karajá;Cocalinho;MT;893,2687;Regularizada;Tradicionalmente ocupada;;Não
Karajá de Aruanã III;Karajá;Aruanã;GO;705,1748;Regularizada;Tradicionalmente ocupada;;Não
Karapotó;Karapotó;São Sebastião;AL;1242,5168;Regularizada;Reserva Indígena;;Não
Kararaô;Kayapó;Altamira;PA;330837,5422;Regularizada;Tradicionalmente ocupada;;Não
Karipuna;Karipuna;Porto Velho,Nova Mamoré;RO;152929,8599;Regularizada;Tradicionalmente ocupada;;Sim
Kariri de Serra Grande;Kariri;Queimada Nova;PI;2114,6769;Encaminhada RI;Dominial Indígena;;Não
Kariri-Xocó;Kariri - Xocó;São Brás,Porto Real do Colégio;AL;4694,8823;Homologada;Tradicionalmente ocupada;Reestudo;Não
Kariri-Xocó;Kariri - Xocó;São Brás,Porto Real do Colégio;AL;699,358;Regularizada;Tradicionalmente ocupada;;Não
Karitiana;Karitiana;Porto Velho;RO;89682,138;Regularizada;Tradicionalmente ocupada;;Sim
Katukina/Kaxinawá;Kaxinawá,Katukina;Feijó;AC;23474,0358;Regularizada;Tradicionalmente ocupada;;Sim
Kawahiva do Rio Pardo;Isolados;Colniza;MT;411844;Declarada;Tradicionalmente ocupada;;Não
Kaxarari;Kaxarari;Lábrea,Porto Velho;AM,RO;145889,9849;Regularizada;Tradicionalmente ocupada;;Sim
Kaxinawá Ashaninka do Rio Breu;Kaxinawá,Ashaninka;Marechal Thaumaturgo,Jordão;AC;31277,8622;Regularizada;Tradicionalmente ocupada;;Sim
Kaxinawá Colônia Vinte e Sete;Kaxinawá;Tarauacá;AC;105,1664;Regularizada;Tradicionalmente ocupada;;Não
Kaxinawá Nova Olinda;Kaxinawá;Feijó;AC;27533,3987;Regularizada;Tradicionalmente ocupada;;Sim
Kaxinawá Seringal Independência;Kaxinawá;Jordão;AC;11584,127;Encaminhada RI;Dominial Indígena;;Sim
Kaxinawá da Praia do Carapanã;Kaxinawá;Tarauacá;AC;60698,7189;Regularizada;Tradicionalmente ocupada;;Sim
Kaxinawá do Baixo Rio Jordão;Kaxinawá;Jordão;AC;8726,4952;Regularizada;Tradicionalmente ocupada;;Sim
Kaxinawá do Rio Humaitá;Kaxinawá;Feijó;AC;127383,5568;Regularizada;Tradicionalmente ocupada;;Sim
Kaxinawá do Rio Jordão;Kaxinawá;Jordão;AC;87293,7981;Regularizada;Tradicionalmente ocupada;;Sim
Kaxuyana-Tunayana;Kaxuyana;Oriximiná;PA;2184120;Declarada;Tradicionalmente ocupada;;Sim
Kayabi;Kaiabi;Apiacás,Jacareacanga;MT,PA;1053257,681;Regularizada;Tradicionalmente ocupada;Reestudo;Não
Kayapó;Kayapó;Bannach,Cumaru do Norte,São Félix do Xingu,Ourilândia do Norte;PA;3284004,972;Regularizada;Tradicionalmente ocupada;;Não
Ka´aguy Hovy;Guaraní;Iguape;SP;1950;Delimitada;Tradicionalmente ocupada;;Não
Ka´aguy Mirim;Guarani Mbya;Miracatu,Pedro de Toledo;SP;1190;Delimitada;Tradicionalmente ocupada;;Não
Kiriri;Kiriri;Ribeira do Pombal,Quijingue,Tucano,Banzaê;BA;12299,8736;Regularizada;Tradicionalmente ocupada;;Não
Koatinemo;Asurini do Xingu;Altamira,Senador José Porfírio;PA;387834,2501;Regularizada;Tradicionalmente ocupada;;Não
Krahó-Kanela;Krahô-Kanela;Lagoa da Confusão;TO;7612,7653;Regularizada;Reserva Indígena;;Não
Kraolandia;Krahô;Goiatins,Itacajá;TO;302533,3971;Regularizada;Tradicionalmente ocupada;;Não
Krenak;Krenák;Resplendor;MG;4039,8241;Regularizada;Tradicionalmente ocupada;;Não
Krenak de Sete Salões;Krenák;Santa Rita do Itueto,Resplendor,Conselheiro Pena,Itueta;MG;16959,9225;Delimitada;Tradicionalmente ocupada;Principal;Não
Krenrehé;Krenák;Luciara,Canabrava do Norte;MT;5973,721;Regularizada;Reserva Indígena;;Não
Krenyê;Timbira,Krenyê;Vitorino Freire,Barra do Corda;MA;8035,675;Regularizada;Reserva Indígena;;Não
Krikati;Krikati;Montes Altos,Amarante do Maranhão,Lajeado Novo,Sítio Novo;MA;144775,7868;Regularizada;Tradicionalmente ocupada;;Não
Krukutu;Guaraní;São Paulo;SP;25,88;Regularizada;Tradicionalmente ocupada;;Não
Kulina Igarapé do Pau;Kulina Páno;Feijó;AC;45590,937;Regularizada;Tradicionalmente ocupada;;Sim
Kulina do Medio Jurua;Kulina Páno;Envira,Ipixuna,Eirunepé,Tarauacá;AM,AC;730142,9969;Regularizada;Tradicionalmente ocupada;;Não
Kulina do Rio Envira;Kaxinawá,Kulina Páno;Feijó;AC;84364,6082;Regularizada;Tradicionalmente ocupada;;Sim
Kumaru do Lago Ualá;Kulina Páno;Juruá;AM;80035,8819;Regularizada;Tradicionalmente ocupada;;Não
Kuruáya;Kuruáya;Altamira;PA;166784,2496;Regularizada;Tradicionalmente ocupada;;Não
Kwazá do Rio São Pedro;Kwazá,Aikanã;Parecis;RO;16799,8763;Regularizada;Tradicionalmente ocupada;;Sim
Lago Aiapua;Múra;Anori,Beruri;AM;24866,0856;Regularizada;Tradicionalmente ocupada;;Não
Lago Capanã;Múra;Manicoré;AM;6321,5954;Regularizada;Tradicionalmente ocupada;;Não
Lago Jauari;Múra;Manicoré;AM;12023,0844;Regularizada;Tradicionalmente ocupada;;Não
Lago do Beruri;Tikúna;Beruri;AM;4080,369;Regularizada;Tradicionalmente ocupada;;Não
Lago do Correio;Kokama,Tikúna;Santo Antônio do Içá;AM;13209,7815;Regularizada;Tradicionalmente ocupada;;Sim
Lago do Limão;Múra;Borba;AM;8210;Declarada;Tradicionalmente ocupada;;Não
Lago do Marinheiro;Múra;Careiro;AM;3586,2907;Regularizada;Tradicionalmente ocupada;;Não
Lagoa  Encantada;Kanindé;Aquiraz;CE;1731;Declarada;Tradicionalmente ocupada;;Não
Lagoa Comprida;Tenetehara;Jenipapo dos Vieiras,Itaipava do Grajaú;MA;13198,2651;Regularizada;Tradicionalmente ocupada;;Não
Lagoa dos Brincos;Negarotê;Comodoro;MT;1845,058;Regularizada;Tradicionalmente ocupada;;Sim
Lalima;Terena,Kinikinau;Miranda;MS;3000,2101;Regularizada;Tradicionalmente ocupada;;Não
Laranjinha;Guaraní,Kaingang;Santa Amélia,Abatiá;PR;284,2412;Regularizada;Tradicionalmente ocupada;;Não
Las Casas;Kayapó;Redenção,Pau D´Arco,Floresta do Araguaia;PA;21344,7011;Regularizada;Tradicionalmente ocupada;;Não
Lauro Sodré;Tikúna;Benjamin Constant;AM;9478,6216;Regularizada;Tradicionalmente ocupada;;Sim
Ligeiro;Kaingang;Charrua;RS;4565,7973;Regularizada;Tradicionalmente ocupada;;Não
Limão Verde;Terena;Aquidauana;MS;5377,2754;Regularizada;Tradicionalmente ocupada;;Não
Macarrão;Tikúna;Jutaí;AM;44267,9081;Regularizada;Tradicionalmente ocupada;;Não
Malacacheta;Wapixana;Cantá;RR;28631,8258;Regularizada;Tradicionalmente ocupada;;Sim
Mamoadate;Machineri,Yaminawa;Sena Madureira,Assis Brasil;AC;313646,8663;Regularizada;Tradicionalmente ocupada;;Sim
Mangueira;Makuxí;Alto Alegre;RR;4063,741;Regularizada;Tradicionalmente ocupada;;Sim
Mangueirinha;Guaraní,Kaingang;Mangueirinha,Coronel Vivida,Chopinzinho;PR;16375,76;Regularizada;Tradicionalmente ocupada;;Sim
Manoa/Pium;Makuxí,Wapixana;Bonfim;RR;43336,7308;Regularizada;Tradicionalmente ocupada;;Sim
Manoki;Irántxe;Brasnorte;MT;250539,8293;Declarada;Tradicionalmente ocupada;Reestudo;Não
Mapari;Kaixana;Fonte Boa,Japurá,Tonantins;AM;157246,227;Regularizada;Tradicionalmente ocupada;;Não
Maracaxi;Tembé;Aurora do Pará;PA;720;Declarada;Tradicionalmente ocupada;;Não
Maraitá;Tikúna;Amaturá;AM;53038,0644;Regularizada;Tradicionalmente ocupada;;Sim
Maraiwatsede;Xavante;São Félix do Araguaia,Bom Jesus do Araguaia,Alto Boa Vista;MT;165241,2291;Regularizada;Tradicionalmente ocupada;;Não
Marajai;Matsés;Alvarães;AM;1196,3486;Regularizada;Tradicionalmente ocupada;;Não
Maranduba;Karajá;Araguacema,Santa Maria das Barreiras;TO,PA;375,1538;Regularizada;Tradicionalmente ocupada;;Não
Maraã Urubaxi;Makú,Kanamarí;Maraã,Santa Isabel do Rio Negro;AM;94405,0733;Regularizada;Tradicionalmente ocupada;;Não
Marechal Rondon;Xavante;Paranatinga;MT;98500;Regularizada;Tradicionalmente ocupada;;Não
Marrecas;Kaingang;Turvo,Guarapuava;PR;16838,5694;Regularizada;Dominial Indígena;;Não
Maró;Arapiun;Santarém;PA;42373;Delimitada;Tradicionalmente ocupada;;Não
Massacara;Kaimbé;Euclides da Cunha;BA;8020,0802;Regularizada;Tradicionalmente ocupada;;Não
Massaco;Isolados;Alta Floresta D´Oeste,São Francisco do Guaporé;RO;421895,0769;Regularizada;Tradicionalmente ocupada;;Sim
Mata Medonha;Pataxó;Santa Cruz Cabrália;BA;549,6226;Regularizada;Tradicionalmente ocupada;;Não
Mata da Cafurna;Xucuru - Kariri;Palmeira dos Índios;AL;117,6007;Regularizada;Dominial Indígena;;Não
Matintin;Tikúna;Tonantins,Santo Antônio do Içá;AM;21760,7012;Regularizada;Tradicionalmente ocupada;;Sim
Mato Castelhano;Kaingang;Mato Castelhano;RS;3567;Delimitada;Tradicionalmente ocupada;;Não
Mato Preto;Guaraní;Getúlio Vargas,Erechim,Erebango;RS;4230;Delimitada;Tradicionalmente ocupada;;Não
Mawetek;Kanamarí;Jutaí,Eirunepé;AM;115492,878;Regularizada;Tradicionalmente ocupada;;Não
Maxacali;Maxakali;Santa Helena de Minas,Bertópolis;MG;5305,6719;Regularizada;Tradicionalmente ocupada;;Não
Mbiguaçu;Guarani Nhandeva,Guarani Mbya;Biguaçu;SC;59,1982;Regularizada;Tradicionalmente ocupada;;Não
Menkragnoti;Kayapó;Matupá,Peixoto de Azevedo,Altamira,São Félix do Xingu;PA,MT;4914254,821;Regularizada;Tradicionalmente ocupada;;Não
Menkü;Mynky;Brasnorte;MT;47094,8647;Regularizada;Tradicionalmente ocupada;;Não
Meria;Miránha;Alvarães;AM;585,4932;Regularizada;Tradicionalmente ocupada;;Não
Merure;Boróro ;Barra do Garças,General Carneiro;MT;82301,1363;Regularizada;Tradicionalmente ocupada;;Não
Miguel/Josefa;Múra;Autazes;AM;1628,8091;Regularizada;Tradicionalmente ocupada;;Não
Miratu;Miránha;Uarini;AM;13198,788;Regularizada;Tradicionalmente ocupada;;Não
Monte Caseros;Kaingang;Muliterno,Ibiraiaras;RS;1112,4105;Regularizada;Tradicionalmente ocupada;;Não
Morro Alto;Guarani Mbya;São Francisco do Sul;SC;893;Declarada;Tradicionalmente ocupada;;Não
Morro Branco;Tenetehara;Grajaú;MA;48,9804;Regularizada;Tradicionalmente ocupada;;Não
Morro da Palha;Guarani Mbya;Biguaçu;SC;240,3312;Encaminhada RI;Reserva Indígena;;Não
Morro dos Cavalos;Guaraní;Palhoça;SC;1983,4901;Declarada;Tradicionalmente ocupada;;Não
Moskow;Wapixana;Bonfim;RR;14212,9983;Regularizada;Tradicionalmente ocupada;;Sim
Mundo Verde/Cachoeirinha;Maxakali;Teófilo Otoni;MG;606,1916;Regularizada;Reserva Indígena;;Não
Munduruku;Mundurukú;Jacareacanga;PA;2381795,777;Regularizada;Tradicionalmente ocupada;;Não
Munduruku-Taquara;Mundurukú;Belterra;PA;25323;Declarada;Tradicionalmente ocupada;;Não
Muriru;Wapixana;Bonfim,Cantá;RR;5555,9436;Regularizada;Tradicionalmente ocupada;;Sim
Murutinga/Tracaja;Múra;Autazes;AM;13286;Declarada;Tradicionalmente ocupada;;Não
Muã Mimatxi (Fazenda Modelo Diniz);Pataxó;Itapecerica;MG;0;Regularizada;Reserva Indígena;;Não
Mãe Maria;Gavião Parkatejê;Bom Jesus do Tocantins;PA;62488,4516;Regularizada;Tradicionalmente ocupada;;Não
Médio Rio Negro I;Tukano,Makú,Tariana,Baré,Baniwa;Japurá,Santa Isabel do Rio Negro,São Gabriel da Cachoeira;AM;1776138,997;Regularizada;Tradicionalmente ocupada;;Sim
Médio Rio Negro II;Tukano,Makú,Tariana,Desána,Baré,Baniwa;Santa Isabel do Rio Negro,São Gabriel da Cachoeira;AM;316194,989;Regularizada;Tradicionalmente ocupada;;Sim
Nambikwara;Nambikwára;Comodoro;MT;1011961,485;Regularizada;Tradicionalmente ocupada;;Sim
Natal/Felicidade;Múra;Autazes;AM;313,3411;Regularizada;Tradicionalmente ocupada;;Não
Nhamundá/Mapuera;Hixkaryána,Wai Wai;Nhamundá,Urucará,Oriximiná,Faro;AM,PA;1049520;Regularizada;Tradicionalmente ocupada;;Sim
Nioaque;Terena;Nioaque;MS;3029,3529;Regularizada;Tradicionalmente ocupada;;Sim
Nonoai;Guaraní,Kaingang;Rio dos Índios,Planalto,Nonoai,Gramado dos Loureiros;RS;19830;Delimitada;Tradicionalmente ocupada;;Sim
Nonoai/Rio da Várzea;Kaingang;Trindade do Sul,Planalto,Nonoai,Liberato Salzano,Gramado dos Loureiros;RS;16415,4443;Regularizada;Tradicionalmente ocupada;;Sim
Nossa Senhora de Fátima;Terena;Miranda;MS;88,888;Regularizada;Reserva Indígena;;Não
Nova Esperança do Rio Jandiatuba;Tikúna;São Paulo de Olivença,Amaturá;AM;20003,928;Regularizada;Tradicionalmente ocupada;;Sim
Nova Jacundá;Guarani Mbya;Rondon do Pará;PA;424,614;Regularizada;Dominial Indígena;;Não
Nove de Janeiro;Diahói;Humaitá;AM;228777,0999;Regularizada;Tradicionalmente ocupada;;Não
Nukini;Nukiní;Mâncio Lima;AC;27263,5212;Regularizada;Tradicionalmente ocupada;;Sim
Ofayé-Xavante;Ofayé;Brasilândia;MS;1937,625;Declarada;Tradicionalmente ocupada;;Não
Ofayé-Xavante;Ofayé;Brasilândia;MS;484;Regularizada;Reserva Indígena;Reestudo;Não
Ouro;Makuxí;Boa Vista;RR;13572,9696;Regularizada;Tradicionalmente ocupada;;Sim
Pacaas Novas;Pakaa Nova ;Guajará-Mirim;RO;279906,3833;Regularizada;Tradicionalmente ocupada;;Sim
Pacheca;Guaraní;Camaquã;RS;1852,205;Regularizada;Tradicionalmente ocupada;;Não
Padre;Múra;Autazes;AM;797,511;Regularizada;Tradicionalmente ocupada;;Não
Pakurity;Guarani Mbya;Cananéia;SP;5730;Delimitada;Tradicionalmente ocupada;;Não
Palmas;Kaingang;Abelardo Luz,Palmas;PR,SC;3800,8794;Regularizada;Tradicionalmente ocupada;;Não
Panambi - Lagoa Rica;Guarani Kaiowá;Itaporã,Douradina;MS;12196;Delimitada;Tradicionalmente ocupada;;Sim
Panambizinho;Guarani Kaiowá;Dourados;MS;1272,8035;Regularizada;Tradicionalmente ocupada;;Sim
Panará;Panará;Guarantã do Norte,Matupá,Altamira;PA,MT;499740,005;Regularizada;Tradicionalmente ocupada;;Não
Pankararu;Pankararú;Petrolândia,Tacaratu;PE;8377,2819;Regularizada;Tradicionalmente ocupada;;Não
Pankararé;Pankararé;Glória,Paulo Afonso,Rodelas;BA;29597,3322;Regularizada;Tradicionalmente ocupada;;Não
Pankará da Serra do Arapuá;Pankará;Carnaubeira da Penha;PE;15114;Delimitada;Tradicionalmente ocupada;;Não
Paquiçamba;Yudjá;Vitória do Xingu,Anapu,Senador José Porfírio;PA;15733;Declarada;Tradicionalmente ocupada;Reestudo;Não
Paquiçamba;Yudjá;Vitória do Xingu;PA;4384,2668;Regularizada;Tradicionalmente ocupada;;Não
Parabubure;Xavante;Nova Xavantina,Campinápolis,Água Boa;MT;224447,3367;Regularizada;Tradicionalmente ocupada;;Não
Paracuhuba;Múra;Autazes;AM;927,5376;Regularizada;Tradicionalmente ocupada;;Não
Parakanã;Parakanã;Novo Repartimento,Itupiranga;PA;351697,41;Regularizada;Tradicionalmente ocupada;;Não
Parana do Boa Boa;Makú;Japurá,Santa Isabel do Rio Negro;AM;240545,8478;Regularizada;Tradicionalmente ocupada;;Não
Parana do Paricá;Kanamarí;Maraã;AM;7866,32;Regularizada;Tradicionalmente ocupada;;Não
Paraná do Arauató;Múra;Itacoatiara;AM;5915,445;Regularizada;Tradicionalmente ocupada;;Não
Parati-Mirim;Guaraní;Paraty;RJ;79,1997;Regularizada;Tradicionalmente ocupada;;Não
Paresi;Paresí;Tangará da Serra;MT;563586,5345;Regularizada;Tradicionalmente ocupada;;Sim
Parque do Araguaia;Tapirapé,Javaé,Karajá,Ava-Canoeiro;Formoso do Araguaia,Lagoa da Confusão,Pium;TO;1358499,478;Regularizada;Tradicionalmente ocupada;;Não
Parque do Aripuanã;Cinta Larga;Juína,Vilhena;MT,RO;1603245,981;Regularizada;Tradicionalmente ocupada;;Sim
Parque do Tumucumaque;Wayana,Apalaí;Laranjal do Jari,Almeirim,Alenquer,Oriximiná,Óbidos;AP,PA;3071067,876;Regularizada;Tradicionalmente ocupada;;Sim
Parque do Xingu;Wauja, Trumái, Yawalapití, Mehináku, Aweti, Yudjá, Kisêdjê, Ikpeng, Matipú, Kuikuro, Nahukuá, Tapayuna, Kaiabi, Kamayrurá, Kalapalo;Feliz Natal,Gaúcha do Norte,Querência,Canarana,São Félix do Araguaia,Nova Ubiratã,Marcelândia,Paranatinga,São Félix do Xingu;MT,PA;2642003,937;Regularizada;Tradicionalmente ocupada;;Não
Passo Grande do Rio Forquilha;Kaingang;Cacique Doble,Sananduva;RS;1916;Declarada;Tradicionalmente ocupada;;Não
Patauá;Múra;Autazes;AM;615,885;Regularizada;Tradicionalmente ocupada;;Não
Paukalirajausu;Nambikwára;Conquista D´Oeste,Vila Bela da Santíssima Trindade,Nova Lacerda;MT;8400;Delimitada;Tradicionalmente ocupada;;Sim
Paumari do Cuniua;Paumarí;Tapauá;AM;42828,0481;Regularizada;Tradicionalmente ocupada;;Não
Paumari do Lago Manissuã;Paumarí;Tapauá;AM;22970,0651;Regularizada;Tradicionalmente ocupada;;Não
Paumari do Lago Marahã;Apurinã;Lábrea;AM;118766,8862;Regularizada;Tradicionalmente ocupada;;Não
Paumari do Lago Paricá;Paumarí;Tapauá;AM;15792,112;Regularizada;Tradicionalmente ocupada;;Não
Paumari do Rio Ituxi;Paumarí;Lábrea;AM;7572,412;Regularizada;Tradicionalmente ocupada;;Não
Peguaoty;Guarani Mbya;Sete Barras,Miracatu;SP;6230;Delimitada;Tradicionalmente ocupada;;Não
Peneri/Tacaquiri;Apurinã;Pauini;AM;189870,9641;Regularizada;Tradicionalmente ocupada;;Não
Pequizal;Nambikwára;Nova Lacerda;MT;9886,8211;Regularizada;Tradicionalmente ocupada;;Sim
Pequizal do Naruvôtu;Naravute;Gaúcha do Norte,Canarana;MT;27878,5029;Regularizada;Tradicionalmente ocupada;;Não
Perigara;Boróro ;Barão de Melgaço;MT;10740,4115;Regularizada;Tradicionalmente ocupada;;Não
Peruíbe;Guaraní;Peruíbe;SP;480,4737;Regularizada;Tradicionalmente ocupada;;Não
Piaçaguera;Guarani Nhandeva;Peruíbe;SP;2773,7968;Regularizada;Tradicionalmente ocupada;;Não
Pilad Rebuá;Terena;Miranda;MS;208,3702;Regularizada;Tradicionalmente ocupada;;Não
Pimentel Barbosa;Xavante;Canarana,Ribeirão Cascalheira;MT;328966,444;Regularizada;Tradicionalmente ocupada;;Não
Pinatuba;Múra;Manicoré;AM;29564,9382;Regularizada;Tradicionalmente ocupada;;Não
Pindoty;Guarani Mbya;Araquari,Balneário Barra do Sul;SC;3294;Declarada;Tradicionalmente ocupada;;Não
Pindoty/Araçá-Mirim;Guarani Mbya;Pariquera-Açu,Cananéia,Iguape;SP;1030;Delimitada;Tradicionalmente ocupada;;Não
Pinhal;Kaingang;Seara;SC;880,0761;Regularizada;Tradicionalmente ocupada;;Sim
Pinhalzinho;Guaraní;Tomazina;PR;593,372;Regularizada;Reserva Indígena;;Não
Pipipã;Aimore;Floresta;PE;63322;Delimitada;Tradicionalmente ocupada;;Não
Pirahã;Múra,Pirahã;Humaitá;AM;346910,5673;Regularizada;Tradicionalmente ocupada;;Não
Pirai;Guarani Mbya;Araquari;SC;3017;Declarada;Tradicionalmente ocupada;;Não
Pirajuí;Guarani Nhandeva;Paranhos;MS;2118,2325;Regularizada;Tradicionalmente ocupada;;Sim
Pirakua;Guarani Kaiowá;Bela Vista,Ponta Porã;MS;2384,0554;Regularizada;Tradicionalmente ocupada;;Sim
Pirineus de Souza;Nambikwára;Comodoro;MT;28212,2716;Regularizada;Tradicionalmente ocupada;;Sim
Piripkura ( restrição de uso );Isolados;Colniza,Rondolândia;MT;242500;Em Estudo;Interditada;;Não
Pirititi;Isolados;Rorainópolis;RR;40095;Em Estudo;Interditada;;Não
Pitaguary;Pitaguari;Pacatuba,Maracanaú;CE;1727,8686;Declarada;Tradicionalmente ocupada;;Não
Pium;Wapixana;Alto Alegre;RR;4607,6137;Regularizada;Tradicionalmente ocupada;;Sim
Ponciano;Múra;Careiro da Várzea;AM;4329;Declarada;Tradicionalmente ocupada;;Não
Ponta da Serra;Makuxí;Amajari;RR;15597,0625;Regularizada;Tradicionalmente ocupada;;Sim
Ponte de Pedra;Paresí;Nova Maringá,Diamantino,Campo Novo do Parecis;MT;17000;Declarada;Tradicionalmente ocupada;;Não
Porquinhos;Kanela;Fernando Falcão,Barra do Corda;MA;79520,2544;Regularizada;Tradicionalmente ocupada;;Não
Porquinhos dos Canela-Apãnjekra;Kanela;Formosa da Serra Negra,Mirador,Fernando Falcão,Barra do Corda;MA;301000;Delimitada;Tradicionalmente ocupada;Reestudo;Não
Portal do Encantado;Chiquitáno;Porto Esperidião,Pontes e Lacerda,Vila Bela da Santíssima Trindade;MT;43057;Declarada;Tradicionalmente ocupada;;Sim
Porto Limoeiro;Tikúna;Santo Antônio do Içá;AM;4587,7205;Regularizada;Tradicionalmente ocupada;;Sim
Porto Lindo;Guarani Nhandeva;Japorã;MS;1648,8899;Regularizada;Tradicionalmente ocupada;;Sim
Porto Praia;Tikúna;Uarini;AM;4769,8617;Regularizada;Tradicionalmente ocupada;;Não
Potiguara;Potiguara;Rio Tinto,Marcação,Baía da Traição;PB;21238,4898;Regularizada;Tradicionalmente ocupada;;Não
Potiguara de Monte-Mor;Potiguara;Rio Tinto,Marcação;PB;7530,5969;Declarada;Tradicionalmente ocupada;;Não
Potrero Guaçu;Guarani Nhandeva;Paranhos;MS;4025;Declarada;Tradicionalmente ocupada;;Sim
Poyanawa;Poyanáwa;Mâncio Lima;AC;24499,0885;Regularizada;Tradicionalmente ocupada;;Sim
Praia do Mangue;Mundurukú;Itaituba;PA;31,8449;Encaminhada RI;Reserva Indígena;;Não
Praia do Índio;Mundurukú;Itaituba;PA;31,5019;Encaminhada RI;Reserva Indígena;;Não
Prosperidade;Kokama;Tonantins;AM;5572,8552;Regularizada;Tradicionalmente ocupada;;Não
Queimadas;Kaingang;Ortigueira;PR;3077,7602;Regularizada;Tradicionalmente ocupada;;Não
Quixaba;Xucuru - Kariri;Glória;BA;28,1658;Encaminhada RI;Reserva Indígena;;Não
Raimundão;Makuxí,Wapixana;Alto Alegre;RR;4276,8088;Regularizada;Tradicionalmente ocupada;;Sim
Rancho Jacaré;Guarani Kaiowá;Laguna Carapã;MS;777,5349;Regularizada;Tradicionalmente ocupada;;Sim
Raposa Serra do Sol;Taulipáng,Makuxí,Ingarikó,Wapixana;Normandia,Pacaraima,Uiramutã;RR;1747464,783;Regularizada;Tradicionalmente ocupada;;Sim
Recreio/São Félix;Múra;Autazes;AM;251,051;Regularizada;Tradicionalmente ocupada;;Não
Reserva Indígena Avá Canoeiro;Ava-Canoeiro;Colinas do Sul, Minaçu;GO;0;Encaminhada RI;Reserva Indígena;;Não
Ribeirão Silveira;Guaraní;São Sebastião,Bertioga;SP;8468,9333;Declarada;Tradicionalmente ocupada;Reestudo;Não
Rio Apaporis;Tukano,Makú,Desána,Tuyúca;Japurá;AM;106960,3377;Regularizada;Tradicionalmente ocupada;;Sim
Rio Areia;Guaraní;Inácio Martins;PR;1352,3784;Regularizada;Tradicionalmente ocupada;;Não
Rio Biá;Katukina;Jutaí,Carauari;AM;1185791,71;Regularizada;Tradicionalmente ocupada;;Não
Rio Branco;Tupaiu,Makuráp;Alta Floresta D´Oeste,São Francisco do Guaporé;RO;236137,11;Regularizada;Tradicionalmente ocupada;;Sim
Rio Branco Itanhaém;Guaraní;São Paulo,São Vicente,Itanhaém;SP;2856,1;Regularizada;Tradicionalmente ocupada;;Não
Rio Formoso;Paresí;Tangará da Serra;MT;19749,4741;Regularizada;Tradicionalmente ocupada;;Não
Rio Gregório;Katukina,Yawanawá;Tarauacá;AC;187125,2158;Regularizada;Tradicionalmente ocupada;Reestudo;Sim
Rio Guaporé;Makuráp;Guajará-Mirim;RO;115788,0842;Regularizada;Tradicionalmente ocupada;;Sim
Rio Jumas;Múra;Careiro;AM;9462,6983;Regularizada;Tradicionalmente ocupada;;Não
Rio Manicoré;Múra;Manicoré;AM;19481,8699;Regularizada;Tradicionalmente ocupada;;Não
Rio Mequens;Sakurabiat;Alto Alegre dos Parecis;RO;107553,0101;Regularizada;Tradicionalmente ocupada;;Sim
Rio Negro Ocaia;Pakaa Nova ;Guajará-Mirim;RO;235070;Declarada;Tradicionalmente ocupada;Reestudo;Sim
Rio Negro Ocaia;Pakaa Nova ;Guajará-Mirim;RO;104063,8114;Regularizada;Tradicionalmente ocupada;;Sim
Rio Omerê;Akuntsú,Kanoé;Chupinguaia,Corumbiara;RO;26177,1864;Regularizada;Tradicionalmente ocupada;;Sim
Rio Paru DEste;Wayana,Apalaí;Monte Alegre,Almeirim,Alenquer;PA;1195785,792;Regularizada;Tradicionalmente ocupada;;Sim
Rio Pindaré;Tenetehara;Bom Jardim,Monção;MA;15002,9142;Regularizada;Tradicionalmente ocupada;;Não
Rio Téa;Tukano,Makú,Piratapuya,Desána,Baré;Santa Isabel do Rio Negro,São Gabriel da Cachoeira;AM;411865,3207;Regularizada;Tradicionalmente ocupada;;Sim
Rio Urubu;Múra;Itacoatiara;AM;27354,9118;Regularizada;Tradicionalmente ocupada;;Não
Rio das Cobras;Guaraní,Kaingang;Nova Laranjeiras,Espigão Alto do Iguaçu;PR;18681,9806;Regularizada;Tradicionalmente ocupada;;Sim
Rio dos Pardos;Xokléng;Porto União;SC;758,2614;Regularizada;Tradicionalmente ocupada;;Não
Rio dos Índios;Kaingang;Vicente Dutra;RS;711,7018;Regularizada;Tradicionalmente ocupada;;Sim
Riozinho;Kokama,Tikúna;Jutaí,Juruá;AM;362495;Declarada;Tradicionalmente ocupada;;Não
Riozinho - RS;Guarani Mbya;Riozinho;RS;24,4424;Regularizada;Reserva Indígena;;Não
Riozinho do Alto Envira;Isolados;Santa Rosa do Purus,Feijó;AC;260972,03;Homologada;Tradicionalmente ocupada;;Sim
Rodeador;Tenetehara;Barra do Corda;MA;2319,4531;Regularizada;Dominial Indígena;;Não
Roosevelt;Cinta Larga;Rondolândia,Pimenta Bueno,Espigão D´Oeste;RO,MT;230826,3008;Regularizada;Tradicionalmente ocupada;;Não
Sagarana;Pakaa Nova ;Guajará-Mirim;RO;18120,0636;Regularizada;Tradicionalmente ocupada;;Sim
Sai-Cinza;Mundurukú;Jacareacanga;PA;125552,08;Regularizada;Tradicionalmente ocupada;;Não
Salto Grande do Jacuí;Guaraní;Salto do Jacuí;RS;234,9641;Regularizada;Tradicionalmente ocupada;;Não
Sambaqui;Guaraní;Pontal do Paraná;PR;2795;Delimitada;Tradicionalmente ocupada;;Não
Sangradouro/Volta Grande;Xavante,Boróro ;Poxoréo,Novo São Joaquim,General Carneiro;MT;100280,3969;Regularizada;Tradicionalmente ocupada;;Não
Santa Cruz da Nova Aliança;Kokama;Tonantins;AM;5969,2201;Regularizada;Tradicionalmente ocupada;;Não
Santa Inez;Makuxí;Amajari;RR;29698,0449;Regularizada;Tradicionalmente ocupada;;Sim
Santana;Bakairí;Nobres;MT;35470,7543;Regularizada;Tradicionalmente ocupada;;Não
Sapotal;Kokama;Tabatinga;AM;1264,4661;Regularizada;Tradicionalmente ocupada;;Sim
Sararé;Nambikwára;Vila Bela da Santíssima Trindade,Nova Lacerda;MT;67419,5158;Regularizada;Tradicionalmente ocupada;;Sim
Sarauá;Amanayé;Ipixuna do Pará;PA;18610,323;Regularizada;Tradicionalmente ocupada;;Não
Sassoró;Guarani Kaiowá;Tacuru;MS;1922,6435;Regularizada;Tradicionalmente ocupada;;Sim
Sawré Bap in (Apompu);Mundurukú;Itaituba,Trairão;PA;150330;Delimitada;Tradicionalmente ocupada;;Não
Sawré Muybu (Pimental);Mundurukú;Itaituba,Trairão;PA;178173;Delimitada;Tradicionalmente ocupada;;Não
Sepoti;Tenharim;Humaitá,Manicoré;AM;251348,9835;Regularizada;Tradicionalmente ocupada;;Não
Serra Morena;Cinta Larga;Juína;MT;147836,1461;Regularizada;Tradicionalmente ocupada;;Não
Serra da Moça;Wapixana;Boa Vista;RR;11626,7912;Regularizada;Tradicionalmente ocupada;;Sim
Serra do Itatins;Guaraní;Itariri;SP;1212,47;Regularizada;Tradicionalmente ocupada;;Não
Serrinha;Kaingang;Três Palmeiras,Ronda Alta,Engenho Velho,Constantina;RS;11752,7578;Declarada;Tradicionalmente ocupada;;Sim
Seruini/Mariene;Apurinã;Lábrea,Pauini;AM;144971,3671;Regularizada;Tradicionalmente ocupada;;Não
Sete Cerros;Guarani Nhandeva,Guarani Kaiowá;Paranhos;MS;8584,7213;Homologada;Tradicionalmente ocupada;;Sim
Sete de Setembro;Suruí de Rondônia;Rondolândia,Espigão D´Oeste,Cacoal;RO,MT;248146,9286;Regularizada;Tradicionalmente ocupada;;Não
Setemã;Múra;Novo Aripuanã,Borba;AM;49772,9558;Regularizada;Tradicionalmente ocupada;;Não
Sissaíma;Múra;Careiro da Várzea;AM;8780;Declarada;Tradicionalmente ocupada;;Não
Sombrerito;Guarani Nhandeva;Sete Quedas;MS;12608;Declarada;Tradicionalmente ocupada;;Sim
Sororó;Suruí do Pará;São Geraldo do Araguaia,São Domingos do Araguaia,Marabá;PA;26257,8956;Regularizada;Tradicionalmente ocupada;;Não
Sucuba;Makuxí;Alto Alegre;RR;5983,0271;Regularizada;Tradicionalmente ocupada;;Sim
Sucuriy;Guarani Kaiowá;Maracaju;MS;535,1047;Regularizada;Tradicionalmente ocupada;;Sim
Sururuá;Kokama;São Paulo de Olivença,Benjamin Constant;AM;36125;Declarada;Tradicionalmente ocupada;;Sim
São Domingos - MT;Karajá;Luciara,São Félix do Araguaia;MT;5704,8096;Regularizada;Tradicionalmente ocupada;;Não
São Domingos do Jacapari e Estação;Kokama;Tonantins,Jutaí;AM;134781,7512;Regularizada;Tradicionalmente ocupada;;Não
São Francisco do Canimari;Tikúna;Amaturá;AM;3331,2208;Regularizada;Tradicionalmente ocupada;;Não
São Jeronimo;Xetá,Guaraní,Kaingang;São Jerônimo da Serra;PR;1339,3364;Regularizada;Tradicionalmente ocupada;;Não
São Leopoldo;Tikúna;Benjamin Constant;AM;69270,5409;Regularizada;Tradicionalmente ocupada;;Sim
São Marcos - MT;Xavante;Barra do Garças;MT;188478,26;Regularizada;Tradicionalmente ocupada;;Não
São Marcos - RR;Makuxí,Wapixana;Boa Vista,Pacaraima;RR;654110,0998;Regularizada;Tradicionalmente ocupada;;Sim
São Pedro;Múra;Autazes;AM;726,1805;Regularizada;Tradicionalmente ocupada;;Não
São Pedro do Sepatini;Apurinã;Lábrea;AM;27644,2488;Regularizada;Tradicionalmente ocupada;;Não
São Sebastião;Kokama,Kaixana;Tonantins;AM;61058,5408;Regularizada;Tradicionalmente ocupada;;Não
Taba dos Anacé;Anacé;São Gonçalo do Amarante,Caucaia;CE;543;Encaminhada RI;Reserva Indígena;;Não
Tabalascada;Wapixana;Cantá;RR;13014,7374;Regularizada;Tradicionalmente ocupada;;Sim
Tabocal;Múra;Careiro;AM;906,1516;Regularizada;Tradicionalmente ocupada;;Não
Tadarimana;Boróro ;Rondonópolis;MT;9785;Regularizada;Tradicionalmente ocupada;;Não
Taego Ãwa;Ava-Canoeiro;Formoso do Araguaia;TO;28510;Declarada;Tradicionalmente ocupada;;Não
Taihantesu;Wasusu;Nova Lacerda;MT;5362,3344;Regularizada;Tradicionalmente ocupada;;Sim
Takuaraty/Yvykuarusu;Guarani Kaiowá;Paranhos;MS;2609,094;Homologada;Tradicionalmente ocupada;;Sim
Takuari;Guaraní;Eldorado;SP;2190;Encaminhada RI;Reserva Indígena;;Não
Tanaru ( restrição de uso );Isolados;Chupinguaia,Parecis,Pimenteiras do Oeste,Corumbiara;RO;8070;Em Estudo;Interditada;;Sim
Tapeba;Tapeba;Caucaia;CE;5294;Declarada;Tradicionalmente ocupada;;Não
Tapirapé/Karajá;Tapirapé,Karajá;Luciara,Santa Terezinha;MT;66166,305;Regularizada;Tradicionalmente ocupada;;Não
Tapyi/Rio Branquinho;Guarani Mbya;Cananéia;SP;1154;Delimitada;Tradicionalmente ocupada;;Não
Taquaperi;Guarani Kaiowá;Coronel Sapucaia;MS;1776,9594;Regularizada;Tradicionalmente ocupada;;Sim
Taquara;Guarani Kaiowá;Juti;MS;9700;Declarada;Tradicionalmente ocupada;;Sim
Tarumã;Guarani Mbya;Araquari,Balneário Barra do Sul;SC;2172;Declarada;Tradicionalmente ocupada;;Não
Taunay/Ipegue;Terena;Aquidauana;MS;6461,3459;Regularizada;Tradicionalmente ocupada;;Não
Taunay/Ipegue;Terena;Aquidauana;MS;33900;Declarada;Tradicionalmente ocupada;Reestudo;Não
Tekoa Gwyra Pepo;Guarani Mbya;Tapiraí;SP;330,0609;Regularizada;Reserva Indígena;Principal;Não
Tekoha Guasú Guavirá ;Guarani Nhandeva;Guaíra,  Altônia, Terra Roxa;PR;24028;Delimitada;Tradicionalmente ocupada;;Sim
Tekoha Itamarã;Guarani Nhandeva,Guarani Mbya;Diamante D´Oeste;PR;242;Regularizada;Reserva Indígena;;Sim
Tekoha Jevy (Rio Pequeno);Guaraní;Paraty;RJ;2370;Delimitada;Tradicionalmente ocupada;;Não
Tekohá Añetete;Guaraní;Diamante D´Oeste;PR;1774,7063;Regularizada;Reserva Indígena;;Sim
Tembé;Tembé;Tomé-Açu;PA;1075,1881;Regularizada;Tradicionalmente ocupada;;Não
Tenharim Marmelos;Tenharim;Humaitá,Manicoré;AM;497521,7497;Regularizada;Tradicionalmente ocupada;;Não
Tenharim Marmelos (Gleba B);Tenharim;Humaitá,Manicoré;AM;474741,6023;Regularizada;Tradicionalmente ocupada;;Não
Tenharim do Igarapé Preto;Tenharim;Novo Aripuanã;AM;87413,1478;Regularizada;Tradicionalmente ocupada;;Não
Tenondé Porã;Guaraní;São Paulo,São Vicente,São Bernardo do Campo,Mongaguá;SP;15969;Declarada;Tradicionalmente ocupada;Reestudo;Não
Terena Gleba Iriri;Terena;Matupá;MT;30588,8088;Regularizada;Reserva Indígena;;Não
Tereza Cristina;Boróro ;Santo Antônio do Leverger;MT;30060;Regularizada;Tradicionalmente ocupada;;Não
Tibagy/Mococa;Kaingang;Ortigueira;PR;859,9098;Regularizada;Tradicionalmente ocupada;;Não
Tikuna de Santo Antonio;Tikúna;Benjamin Constant;AM;1065,2723;Regularizada;Tradicionalmente ocupada;;Sim
Tikúna de Feijoal;Kokama,Tikúna;São Paulo de Olivença,Benjamin Constant;AM;40948,8;Regularizada;Tradicionalmente ocupada;;Sim
Tingui Botó;Tingui-Botó;Feira Grande,Campo Grande;AL;535;Regularizada;Reserva Indígena;;Não
Tirecatinga;Halotesu;Sapezal;MT;130575,1964;Regularizada;Tradicionalmente ocupada;;Não
Toldo Chimbangue;Kaingang;Chapecó;SC;988,6625;Regularizada;Tradicionalmente ocupada;;Sim
Toldo Chimbangue II;Kaingang;Chapecó;SC;954,0708;Regularizada;Tradicionalmente ocupada;;Sim
Toldo Imbu;Kaingang;Abelardo Luz;SC;1960,6934;Declarada;Tradicionalmente ocupada;;Sim
Toldo Pinhal;Kaingang;Seara,Paial;SC;4846;Declarada;Tradicionalmente ocupada;Reestudo;Sim
Torá;Torá,Apurinã;Humaitá,Manicoré;AM;54960,985;Regularizada;Tradicionalmente ocupada;;Não
Tremembé da Barra do Mundaú;Tremembé;Itapipoca;CE;3511,4082;Homologada;Tradicionalmente ocupada;;Não
Tremembé de Almofala;Tremembé;Itarema;CE;4900;Delimitada;Tradicionalmente ocupada;;Não
Tremembé de Queimadas;Tremembé;Acaraú;CE;767;Declarada;Tradicionalmente ocupada;;Não
Trincheira;Múra;Autazes;AM;1624,6022;Regularizada;Tradicionalmente ocupada;;Não
Trincheira Bacaja;Araweté,Asurini do Xingu;Altamira,São Félix do Xingu,Anapu,Senador José Porfírio;PA;1650939,257;Regularizada;Tradicionalmente ocupada;;Não
Trocará;Asurini do Tocantins;Baião,Tucuruí;PA;21722,5139;Regularizada;Tradicionalmente ocupada;;Não
Trocará - Doação;Asurini do Tocantins;Tucuruí;PA;14,048;Regularizada;Dominial Indígena;;Não
Trombetas/Mapuera;Katuena,Xereu,Wai Wai,Tunayana,Sikiyana,Hixkaryána,Isolados,Karafawyana,Katuena,Waimiri Atroari;Nhamundá,Urucará,Caroebe,São João da Baliza,Oriximiná,Faro;RR,AM,PA;3970898,042;Regularizada;Tradicionalmente ocupada;;Sim
Truaru;Makuxí,Wapixana;Boa Vista,Alto Alegre;RR;5652,841;Regularizada;Tradicionalmente ocupada;;Sim
Truká;Truká;Cabrobó;PE;1592,8972;Regularizada;Tradicionalmente ocupada;;Não
Truká - Ilha da Assunção;Truká;Cabrobó;PE;5769;Declarada;Tradicionalmente ocupada;Reestudo;Não
Tubarão Latunde;Laiana,Aikanã;Chupinguaia;RO;116613,3671;Regularizada;Tradicionalmente ocupada;;Sim
Tukuna Porto Espiritual;Tikúna;Benjamin Constant;AM;2839,3483;Regularizada;Tradicionalmente ocupada;;Sim
Tukuna Umariaçu;Tikúna;Tabatinga;AM;4854,9989;Regularizada;Tradicionalmente ocupada;;Sim
Tumbalalá;Tumbalalá;Abaré,Curaçá;BA;44978;Delimitada;Tradicionalmente ocupada;;Não
Tumiã;Apurinã;Lábrea;AM;124357,4172;Regularizada;Tradicionalmente ocupada;;Não
Tupinambá de Belmonte;Tupinambá;Belmonte;BA;9521;Delimitada;Tradicionalmente ocupada;;Não
Tupinambá de Olivença;Tupinambá;Una,Ilhéus,Buerarema;BA;47376;Delimitada;Tradicionalmente ocupada;;Não
Tupiniquim;Tupiniquim;Aracruz;ES;14282,7968;Regularizada;Tradicionalmente ocupada;Reestudo;Não
Tupã-Supé;Tikúna;Uarini,Alvarães;AM;8589,5101;Regularizada;Tradicionalmente ocupada;;Não
Turé/Mariquita;Tembé;Tomé-Açu;PA;146,9798;Regularizada;Tradicionalmente ocupada;;Não
Turé/Mariquita II;Tembé;Tomé-Açu;PA;593,5563;Encaminhada RI;Reserva Indígena;;Não
Tuwa Apekuokawera;Suruí de Rondônia;São Geraldo do Araguaia,Marabá;PA;11764;Delimitada;Tradicionalmente ocupada;;Não
Tuxá de Ibotirama;Tuxá;Ibotirama;BA;2019,7079;Regularizada;Reserva Indígena;;Não
Tuxá de Inajá;Tuxá;Inajá;PE;140;Encaminhada RI;Reserva Indígena;;Não
Uati-Paraná;Tikúna;Fonte Boa,Japurá,Tonantins;AM;127199,0612;Regularizada;Tradicionalmente ocupada;;Não
Uaçá;Karipuna;Oiapoque;AP;470164,0636;Regularizada;Tradicionalmente ocupada;;Sim
Ubawawe;Xavante;Santo Antônio do Leste;MT;52234,4773;Regularizada;Tradicionalmente ocupada;;Não
Uirapuru;Paresí;Nova Lacerda,Campos de Júlio;MT;21680;Declarada;Tradicionalmente ocupada;;Sim
Umutina;Umutina;Barra do Bugres;MT;28120;Regularizada;Tradicionalmente ocupada;;Não
Uneiuxi;Tukano,Makú;Japurá,Santa Isabel do Rio Negro;AM;403182,8081;Regularizada;Tradicionalmente ocupada;;Não
Uneiuxi;Tukano,Makú;Japurá,Santa Isabel do Rio Negro;AM;554730,4117;Homologada;Tradicionalmente ocupada;Reestudo;Não
Uru-Eu-Wau-Wau;Uru-Eu-Wau-Wau;Alvorada D´Oeste,Governador Jorge Teixeira,Campo Novo de Rondônia,Mirante da Serra,São Miguel do Guaporé,Cacaulândia,Costa Marques,Jaru,Guajará-Mirim,Seringueiras,Nova Mamoré,Monte Negro;RO;1867117,8;Regularizada;Tradicionalmente ocupada;;Sim
Urubu Branco;Tapirapé;Luciara,Confresa,Porto Alegre do Norte;MT;167533,3271;Regularizada;Tradicionalmente ocupada;;Não
Urucu/Juruá;Tenetehara;Itaipava do Grajaú;MA;12697,0441;Regularizada;Tradicionalmente ocupada;;Não
Utaria Wyhyna/Iròdu Iràna;Javaé,Karajá;Pium;TO;177466;Declarada;Tradicionalmente ocupada;;Não
Utiariti;Paresí;Sapezal,Campo Novo do Parecis;MT;412304,1958;Regularizada;Tradicionalmente ocupada;;Não
Uty-Xunati;Terena;Vilhena;RO;897,1607;Encaminhada RI;Reserva Indígena;;Não
Vale do Guaporé;Nambikwára;Comodoro,Nova Lacerda;MT;242593;Regularizada;Tradicionalmente ocupada;;Sim
Vale do Javari;Matsés,Matís,Kulina Páno;Jutaí,São Paulo de Olivença,Atalaia do Norte,Benjamin Constant;AM;8544482,273;Regularizada;Tradicionalmente ocupada;;Sim
Vanuire;Kaingang;Tupã,Arco-Íris;SP;708,9304;Regularizada;Tradicionalmente ocupada;;Não
Vargem Alegre;Pankararú;Serra do Ramalho;BA;981,0815;Regularizada;Reserva Indígena;;Não
Varzinha;Guarani Mbya;Caraá,Maquiné;RS;776,2761;Regularizada;Tradicionalmente ocupada;;Não
Ventarra;Kaingang;Erebango;RS;772,9532;Regularizada;Tradicionalmente ocupada;;Não
Vera Tupã'i;Guaraní;Campo Mourão;PR;4,84;Regularizada;Dominial Indígena;;Não
Vista Alegre;Múra;Manaquiri;AM;13206;Delimitada;Tradicionalmente ocupada;;Não
Votouro;Kaingang;Benjamin Constant do Sul,Faxinalzinho;RS;3341,0977;Regularizada;Tradicionalmente ocupada;;Sim
Votouro/Kandóia;Kaingang;Benjamin Constant do Sul,Faxinalzinho;RS;5977;Delimitada;Tradicionalmente ocupada;;Sim
Vui-Uata-In;Tikúna;Amaturá;AM;121198,5999;Regularizada;Tradicionalmente ocupada;;Sim
WaiWái;Mawayána;Caroebe,São João da Baliza,Caracaraí;RR;405698,0085;Regularizada;Tradicionalmente ocupada;;Sim
Waimiri-Atroari;Waimiri Atroari;Presidente Figueiredo,Urucará,Novo Airão,São João da Baliza,Rorainópolis;RR,AM;2585911,569;Regularizada;Tradicionalmente ocupada;;Sim
Waiãpi;Waiãpy;Laranjal do Jari,Mazagão,Pedra Branca do Amapari;AP;607017,2404;Regularizada;Tradicionalmente ocupada;;Sim
Wassu Cocal;Wassú;Colônia Leopoldina,Novo Lino,Joaquim Gomes,Matriz de Camaragibe;AL;2744,6603;Regularizada;Tradicionalmente ocupada;Principal;Não
Wassu-Cocal;Wassú;Colônia Leopoldina,Novo Lino,Joaquim Gomes,Matriz de Camaragibe;AL;9098;Delimitada;Tradicionalmente ocupada;Reestudo;Não
Wawi;Kisêdjê;Querência;MT;150329,1865;Regularizada;Tradicionalmente ocupada;;Não
Wedezé;Xavante;Cocalinho;MT;145881;Delimitada;Tradicionalmente ocupada;;Não
Xacriabá;Xacriabá;São João das Missões,Itacarambi;MG;46415,9242;Regularizada;Tradicionalmente ocupada;;Não
Xacriabá;Xacriabá;São João das Missões,Cônego Marinho,Itacarambi;MG;43357;Delimitada;Tradicionalmente ocupada;Reestudo;Não
Xakriabá Rancharia;Xacriabá;São João das Missões,Itacarambi;MG;6798,3817;Regularizada;Tradicionalmente ocupada;;Não
Xambioá;Guaraní,Karajá;Santa Fé do Araguaia;TO;3326,3502;Regularizada;Tradicionalmente ocupada;;Não
Xapecó;Guaraní,Kaingang;Abelardo Luz,Entre Rios;SC;15623,9581;Regularizada;Tradicionalmente ocupada;;Sim
Xapecó (Pinhalzinho-Canhadão);Guaraní,Kaingang;Abelardo Luz;SC;660;Declarada;Tradicionalmente ocupada;;Sim
Xerente;Xerente ;Tocantínia;TO;167542,1058;Regularizada;Tradicionalmente ocupada;;Não
Xikrin do Rio Catete;Kayapó;Água Azul do Norte,Parauapebas,Marabá;PA;439150,5452;Regularizada;Tradicionalmente ocupada;;Não
Xipaya;Xipáya,Kuruáya;Altamira;PA;178723,0238;Regularizada;Tradicionalmente ocupada;;Não
Xukuru;Xucuru;Poção,Pesqueira;PE;27555,0583;Regularizada;Tradicionalmente ocupada;;Não
Xukuru de Cimbres;Xucuru;Pesqueira,Pedra,Alagoinha,Venturosa;PE;1166,1793;Regularizada;Reserva Indígena;;Não
Xukuru-Kariri;Xucuru - Kariri;Palmeira dos Índios;AL;7020,4387;Declarada;Tradicionalmente ocupada;;Não
Yanomami;Yanomámi;Barcelos,Santa Isabel do Rio Negro,São Gabriel da Cachoeira,Alto Alegre,Mucajaí,Caracaraí,Iracema;RR,AM;9664975,48;Regularizada;Tradicionalmente ocupada;;Sim
Ypoi/Triunfo;Guarani Nhandeva;Paranhos;MS;19756;Delimitada;Tradicionalmente ocupada;;Sim
Yvy-katu;Guarani Nhandeva;Japorã;MS;9494,1636;Declarada;Tradicionalmente ocupada;Reestudo;Sim
Yvyporã Laranjinha;Guarani Nhandeva;Cornélio Procópio,Ribeirão do Pinhal,Abatiá;PR;1238;Declarada;Tradicionalmente ocupada;;Não
Zoe;Zo´é;Óbidos;PA;668565,6283;Regularizada;Tradicionalmente ocupada;;Não
Zoró;Zoró;Aripuanã;MT;355789,5492;Regularizada;Tradicionalmente ocupada;;Não
Zuruahã;Zuruahã;Tapauá;AM;239069,7403;Regularizada;Tradicionalmente ocupada;;Não
Água Preta/Inari;Apurinã;Pauini;AM;139763,6705;Regularizada;Tradicionalmente ocupada;;Não
Águas Belas;Pataxó;Prado;BA;1189,0649;Regularizada;Tradicionalmente ocupada;;Não
Águas Claras;Guarani Mbya;Major Gercino;SC;165,4162;Regularizada;Reserva Indígena;;Não
Évare I;Tikúna;Santo Antônio do Içá,São Paulo de Olivença,Tabatinga;AM;548177,5963;Regularizada;Tradicionalmente ocupada;;Sim
Évare II;Tikúna;São Paulo de Olivença;AM;176205,7183;Regularizada;Tradicionalmente ocupada;;Sim
Ñande Ru Marangatu;Guarani Kaiowá;Antônio João;MS;9317,216;Homologada;Tradicionalmente ocupada;;Sim
